[
  {
    "bookingId": "BOOK82438",
    "confirmationStatus": "Confirmed",
    "fid": 11,
    "airline": "AirAsia",
    "flightNo": "I5-488",
    "from": "Chennai",
    "to": "Bangalore",
    "price": 4100,
    "duration": "1h 05m",
    "departureTime": "07:50 AM",
    "departureDate": "2025-07-11",
    "returnDate": "",
    "roundTrip": false,
    "referenceId": "FLREFID-915562",
    "fullName": "wesad",
    "email": "jsd@ae.com",
    "contact": "89787979",
    "passengers": 1
  },
  {
    "bookingId": "BOOK35092",
    "confirmationStatus": "Confirmed",
    "fid": 11,
    "airline": "AirAsia",
    "flightNo": "I5-488",
    "from": "Chennai",
    "to": "Bangalore",
    "price": 4100,
    "duration": "1h 05m",
    "departureTime": "07:50 AM",
    "departureDate": "2025-07-11",
    "returnDate": "",
    "roundTrip": false,
    "referenceId": "FLREFID-162422",
    "fullName": "wesad",
    "email": "jsd@ae.com",
    "contact": "89787979",
    "passengers": 1
  },
  {
    "bookingId": "BOOK55380",
    "confirmationStatus": "Confirmed",
    "fid": 11,
    "airline": "AirAsia",
    "flightNo": "I5-488",
    "from": "Chennai",
    "to": "Bangalore",
    "price": 4100,
    "duration": "1h 05m",
    "departureTime": "07:50 AM",
    "departureDate": "2025-07-11",
    "returnDate": "",
    "roundTrip": false,
    "referenceId": "FLREFID-523470",
    "fullName": "fgfdg",
    "email": "dfgsd@3.com",
    "contact": "956895",
    "passengers": 1
  },
  {
    "bookingId": "BOOK24781",
    "confirmationStatus": "Confirmed",
    "fid": 11,
    "airline": "AirAsia",
    "flightNo": "I5-488",
    "from": "Chennai",
    "to": "Bangalore",
    "price": 4100,
    "duration": "1h 05m",
    "departureTime": "07:50 AM",
    "departureDate": "2025-07-11",
    "returnDate": "",
    "roundTrip": false,
    "referenceId": "FLREFID-936963",
    "fullName": "fgfdg",
    "email": "dfgsd@3.com",
    "contact": "956895",
    "passengers": 1
  },
  {
    "bookingId": "BOOK60313",
    "confirmationStatus": "Confirmed",
    "fid": 11,
    "airline": "AirAsia",
    "flightNo": "I5-488",
    "from": "Chennai",
    "to": "Bangalore",
    "price": 4100,
    "duration": "1h 05m",
    "departureTime": "07:50 AM",
    "departureDate": "2025-07-11",
    "returnDate": "",
    "roundTrip": false,
    "referenceId": "FLREFID-933293",
    "fullName": "fgfdg",
    "email": "dfgsd@3.com",
    "contact": "956895",
    "passengers": 1
  },
  {
    "bookingId": "BOOK34569",
    "confirmationStatus": "Confirmed",
    "fid": 16,
    "airline": "Vistara",
    "flightNo": "UK-665",
    "from": "Delhi",
    "to": "Jaipur",
    "price": 4200,
    "duration": "1h 10m",
    "departureTime": "01:25 PM",
    "departureDate": "2025-07-11",
    "returnDate": "",
    "roundTrip": false,
    "referenceId": "FLREFID-879841",
    "fullName": "fgfdg",
    "email": "dfgsd@3.com",
    "contact": "956895",
    "passengers": 1
  },
  {
    "bookingId": "BOOK66739",
    "confirmationStatus": "Confirmed",
    "fid": 11,
    "airline": "AirAsia",
    "flightNo": "I5-488",
    "from": "Chennai",
    "to": "Bangalore",
    "price": 4100,
    "duration": "1h 05m",
    "departureTime": "07:50 AM",
    "departureDate": "2025-07-11",
    "returnDate": "",
    "roundTrip": false,
    "referenceId": "FLREFID-447442",
    "fullName": "fgfdg",
    "email": "dfgsd@3.com",
    "contact": "956895",
    "passengers": 1
  },
  {
    "bookingId": "BOOK65094",
    "confirmationStatus": "Confirmed",
    "fid": 16,
    "airline": "Vistara",
    "flightNo": "UK-665",
    "from": "Delhi",
    "to": "Jaipur",
    "price": 4200,
    "duration": "1h 10m",
    "departureTime": "01:25 PM",
    "departureDate": "2025-07-11",
    "returnDate": "",
    "roundTrip": false,
    "referenceId": "FLREFID-372343",
    "fullName": "fgfdg",
    "email": "dfgsd@3.com",
    "contact": "956895",
    "passengers": 1
  },
  {
    "bookingId": "BOOK24920",
    "confirmationStatus": "Confirmed",
    "fid": 11,
    "airline": "AirAsia",
    "flightNo": "I5-488",
    "from": "Chennai",
    "to": "Bangalore",
    "price": 4100,
    "duration": "1h 05m",
    "departureTime": "07:50 AM",
    "departureDate": "2025-07-11",
    "returnDate": "",
    "roundTrip": false,
    "referenceId": "FLREFID-196120",
    "fullName": "fgfdg",
    "email": "dfgsd@3.com",
    "contact": "956895",
    "passengers": 1
  }
]