[
  {
    "fid": 1,
    "airline": "IndiGo",
    "flightNo": "6E-202",
    "from": "Chennai",
    "to": "Delhi",
    "price": 5000,
    "duration": "2h 30m",
    "departureTime": "10:00 AM",
    "departureDate": "2025-07-10",
    "returnDate": "2025-07-15",
    "roundTrip": true
  },
  {
    "fid": 2,
    "airline": "Air India",
    "flightNo": "AI-431",
    "from": "Delhi",
    "to": "Mumbai",
    "price": 6200,
    "duration": "2h 10m",
    "departureTime": "09:45 AM",
    "departureDate": "2025-07-10",
    "returnDate": "2025-07-15",
    "roundTrip": true
  },
  {
    "fid": 3,
    "airline": "SpiceJet",
    "flightNo": "SG-101",
    "from": "Mumbai",
    "to": "Bangalore",
    "price": 4800,
    "duration": "1h 45m",
    "departureTime": "06:30 AM",
    "departureDate": "2025-07-10",
    "returnDate": "2025-07-15",
    "roundTrip": true
  },
  {
    "fid": 4,
    "airline": "Vistara",
    "flightNo": "UK-811",
    "from": "Bangalore",
    "to": "Kolkata",
    "price": 5300,
    "duration": "2h 50m",
    "departureTime": "07:15 AM",
    "departureDate": "2025-07-10",
    "returnDate": "2025-07-15",
    "roundTrip": true
  },
  {
    "fid": 5,
    "airline": "Go First",
    "flightNo": "G8-505",
    "from": "Kolkata",
    "to": "Hyderabad",
    "price": 5100,
    "duration": "2h 15m",
    "departureTime": "05:40 AM",
    "departureDate": "2025-07-10",
    "returnDate": "2025-07-15",
    "roundTrip": true
  },
  {
    "fid": 6,
    "airline": "AirAsia",
    "flightNo": "I5-789",
    "from": "Hyderabad",
    "to": "Pune",
    "price": 4600,
    "duration": "1h 30m",
    "departureTime": "12:00 PM",
    "departureDate": "2025-07-10",
    "returnDate": "2025-07-15",
    "roundTrip": true
  },
  {
    "fid": 7,
    "airline": "IndiGo",
    "flightNo": "6E-302",
    "from": "Pune",
    "to": "Ahmedabad",
    "price": 4400,
    "duration": "1h 35m",
    "departureTime": "08:20 AM",
    "departureDate": "2025-07-10",
    "returnDate": "2025-07-15",
    "roundTrip": true
  },
  {
    "fid": 8,
    "airline": "SpiceJet",
    "flightNo": "SG-211",
    "from": "Ahmedabad",
    "to": "Jaipur",
    "price": 4700,
    "duration": "1h 20m",
    "departureTime": "10:45 AM",
    "departureDate": "2025-07-10",
    "returnDate": "2025-07-15",
    "roundTrip": true
  },
  {
    "fid": 9,
    "airline": "Air India",
    "flightNo": "AI-118",
    "from": "Jaipur",
    "to": "Lucknow",
    "price": 4900,
    "duration": "1h 25m",
    "departureTime": "04:10 PM",
    "departureDate": "2025-07-10",
    "returnDate": "2025-07-15",
    "roundTrip": true
  },
  {
    "fid": 10,
    "airline": "Vistara",
    "flightNo": "UK-930",
    "from": "Lucknow",
    "to": "Chennai",
    "price": 5800,
    "duration": "2h 55m",
    "departureTime": "09:00 AM",
    "departureDate": "2025-07-10",
    "returnDate": "2025-07-15",
    "roundTrip": true
  },
  {
    "fid": 11,
    "airline": "AirAsia",
    "flightNo": "I5-488",
    "from": "Chennai",
    "to": "Bangalore",
    "price": 4100,
    "duration": "1h 05m",
    "departureTime": "07:50 AM",
    "departureDate": "2025-07-11",
    "returnDate": "",
    "roundTrip": false
  },
  {
    "fid": 12,
    "airline": "Go First",
    "flightNo": "G8-321",
    "from": "Bangalore",
    "to": "Hyderabad",
    "price": 4300,
    "duration": "1h 10m",
    "departureTime": "02:15 PM",
    "departureDate": "2025-07-11",
    "returnDate": "",
    "roundTrip": false
  },
  {
    "fid": 13,
    "airline": "IndiGo",
    "flightNo": "6E-460",
    "from": "Hyderabad",
    "to": "Mumbai",
    "price": 4700,
    "duration": "1h 25m",
    "departureTime": "06:50 AM",
    "departureDate": "2025-07-11",
    "returnDate": "",
    "roundTrip": false
  },
  {
    "fid": 14,
    "airline": "Air India",
    "flightNo": "AI-207",
    "from": "Mumbai",
    "to": "Kolkata",
    "price": 5600,
    "duration": "2h 40m",
    "departureTime": "11:00 AM",
    "departureDate": "2025-07-11",
    "returnDate": "",
    "roundTrip": false
  },
  {
    "fid": 15,
    "airline": "SpiceJet",
    "flightNo": "SG-334",
    "from": "Kolkata",
    "to": "Delhi",
    "price": 5400,
    "duration": "2h 30m",
    "departureTime": "03:20 PM",
    "departureDate": "2025-07-11",
    "returnDate": "",
    "roundTrip": false
  },
  {
    "fid": 16,
    "airline": "Vistara",
    "flightNo": "UK-665",
    "from": "Delhi",
    "to": "Jaipur",
    "price": 4200,
    "duration": "1h 10m",
    "departureTime": "01:25 PM",
    "departureDate": "2025-07-11",
    "returnDate": "",
    "roundTrip": false
  },
  {
    "fid": 17,
    "airline": "Go First",
    "flightNo": "G8-159",
    "from": "Jaipur",
    "to": "Ahmedabad",
    "price": 4300,
    "duration": "1h 15m",
    "departureTime": "06:10 PM",
    "departureDate": "2025-07-11",
    "returnDate": "",
    "roundTrip": false
  },
  {
    "fid": 18,
    "airline": "AirAsia",
    "flightNo": "I5-351",
    "from": "Ahmedabad",
    "to": "Pune",
    "price": 4500,
    "duration": "1h 30m",
    "departureTime": "09:40 AM",
    "departureDate": "2025-07-11",
    "returnDate": "",
    "roundTrip": false
  },
  {
    "fid": 19,
    "airline": "IndiGo",
    "flightNo": "6E-780",
    "from": "Pune",
    "to": "Hyderabad",
    "price": 4200,
    "duration": "1h 25m",
    "departureTime": "05:15 AM",
    "departureDate": "2025-07-11",
    "returnDate": "",
    "roundTrip": false
  },
  {
    "fid": 20,
    "airline": "Air India",
    "flightNo": "AI-590",
    "from": "Hyderabad",
    "to": "Chennai",
    "price": 5200,
    "duration": "1h 35m",
    "departureTime": "10:30 AM",
    "departureDate": "2025-07-11",
    "returnDate": "",
    "roundTrip": false
  },
  {
    "fid": 21,
    "airline": "IndiGo",
    "flightNo": "6E-101",
    "from": "Chennai",
    "to": "Delhi",
    "price": 5200,
    "duration": "2h 35m",
    "departureTime": "07:00 AM",
    "departureDate": "2025-07-12",
    "returnDate": "",
    "roundTrip": false
  },
  {
    "fid": 22,
    "airline": "Air India",
    "flightNo": "AI-222",
    "from": "Chennai",
    "to": "Delhi",
    "price": 5400,
    "duration": "2h 25m",
    "departureTime": "05:45 PM",
    "departureDate": "2025-07-12",
    "returnDate": "",
    "roundTrip": false
  },
  {
    "fid": 23,
    "airline": "SpiceJet",
    "flightNo": "SG-201",
    "from": "Delhi",
    "to": "Mumbai",
    "price": 6100,
    "duration": "2h 15m",
    "departureTime": "08:30 AM",
    "departureDate": "2025-07-12",
    "returnDate": "",
    "roundTrip": false
  },
  {
    "fid": 24,
    "airline": "Vistara",
    "flightNo": "UK-301",
    "from": "Delhi",
    "to": "Mumbai",
    "price": 5900,
    "duration": "2h 20m",
    "departureTime": "03:50 PM",
    "departureDate": "2025-07-12",
    "returnDate": "",
    "roundTrip": false
  },
  {
    "fid": 25,
    "airline": "Go First",
    "flightNo": "G8-401",
    "from": "Mumbai",
    "to": "Bangalore",
    "price": 4950,
    "duration": "1h 55m",
    "departureTime": "10:15 AM",
    "departureDate": "2025-07-12",
    "returnDate": "",
    "roundTrip": false
  },
  {
    "fid": 26,
    "airline": "AirAsia",
    "flightNo": "I5-607",
    "from": "Mumbai",
    "to": "Bangalore",
    "price": 4750,
    "duration": "1h 40m",
    "departureTime": "06:25 PM",
    "departureDate": "2025-07-12",
    "returnDate": "",
    "roundTrip": false
  },
  {
    "fid": 27,
    "airline": "IndiGo",
    "flightNo": "6E-999",
    "from": "Kolkata",
    "to": "Hyderabad",
    "price": 5300,
    "duration": "2h 20m",
    "departureTime": "06:00 AM",
    "departureDate": "2025-07-12",
    "returnDate": "",
    "roundTrip": false
  },
  {
    "fid": 28,
    "airline": "SpiceJet",
    "flightNo": "SG-707",
    "from": "Kolkata",
    "to": "Hyderabad",
    "price": 5450,
    "duration": "2h 10m",
    "departureTime": "04:30 PM",
    "departureDate": "2025-07-12",
    "returnDate": "",
    "roundTrip": false
  },  
  {
    "fid": 29,
    "airline": "Air India",
    "flightNo": "AI-876",
    "from": "Pune",
    "to": "Ahmedabad",
    "price": 4600,
    "duration": "1h 45m",
    "departureTime": "09:20 AM",
    "departureDate": "2025-07-12",
    "returnDate": "",
    "roundTrip": false
  },
  {
    "fid": 30,
    "airline": "Vistara",
    "flightNo": "UK-484",
    "from": "Pune",
    "to": "Ahmedabad",
    "price": 4750,
    "duration": "1h 40m",
    "departureTime": "07:10 PM",
    "departureDate": "2025-07-12",
    "returnDate": "",
    "roundTrip": false
  }
]